State,mean_pet,range_pet
AZ,784.76,718.8000000000001
CO,387.09444444444443,257.8
ID,471.03000000000003,191.39999999999998
MT,443.6941176470588,178.60000000000002
NM,482.52941176470586,441.29999999999995
NV,463.9066666666667,155.10000000000002
UT,481.38235294117646,238.7
WY,374.80526315789473,125.39999999999998
